num_workers,size,duration,ttft_ms,per_token_lat_ms,throughput_tok_s,jitter_ms
25% N_tot,25% S_tot,t_prefill,210.4512,38.1204,26.2325,1.8542
25% N_tot,25% S_tot,t_prefill,214.1287,37.8941,26.3891,1.9210
25% N_tot,25% S_tot,t_prefill,208.9934,38.4512,26.0069,1.7895
25% N_tot,25% S_tot,t_decode,145.2319,52.3410,19.1055,4.1205
25% N_tot,25% S_tot,t_decode,143.8821,54.1023,18.4835,4.3512
25% N_tot,25% S_tot,t_decode,146.1045,51.8974,19.2688,3.9874
25% N_tot,25% S_tot,t_tot,225.6712,56.7812,17.6115,5.1203
25% N_tot,25% S_tot,t_tot,231.4501,58.1209,17.2055,5.4310
25% N_tot,25% S_tot,t_tot,228.1904,55.9914,17.8600,4.8921
25% N_tot,50% S_tot,t_prefill,218.3411,40.1125,24.9300,2.1104
25% N_tot,50% S_tot,t_prefill,222.5019,39.8451,25.0972,2.0541
25% N_tot,50% S_tot,t_prefill,216.7823,40.6712,24.5874,2.2310
25% N_tot,50% S_tot,t_decode,148.9102,68.4512,14.6089,7.8412
25% N_tot,50% S_tot,t_decode,147.1245,71.2301,14.0390,8.1205
25% N_tot,50% S_tot,t_decode,150.3419,69.8945,14.3073,7.6541
25% N_tot,50% S_tot,t_tot,245.8912,74.5612,13.4118,9.4512
25% N_tot,50% S_tot,t_tot,251.2304,77.1023,12.9698,9.8941
25% N_tot,50% S_tot,t_tot,248.6710,75.4510,13.2536,9.2310
25% N_tot,75% S_tot,t_prefill,225.4510,42.8912,23.3150,2.4510
25% N_tot,75% S_tot,t_prefill,230.1204,42.1054,23.7500,2.3984
25% N_tot,75% S_tot,t_prefill,224.8912,43.2301,23.1320,2.5612
25% N_tot,75% S_tot,t_decode,152.4512,88.9123,11.2470,12.4510
25% N_tot,75% S_tot,t_decode,151.1023,92.4510,10.8165,13.1204
25% N_tot,75% S_tot,t_decode,154.6712,90.1204,11.0963,12.7812
25% N_tot,75% S_tot,t_tot,268.9123,98.4512,10.1573,15.1204
25% N_tot,75% S_tot,t_tot,274.1205,102.3410,9.7713,15.8941
25% N_tot,75% S_tot,t_tot,270.4510,99.8912,10.0109,15.3410
50% N_tot,25% S_tot,t_prefill,285.4512,44.1204,22.6653,2.8542
50% N_tot,25% S_tot,t_prefill,291.1287,43.8941,22.7821,2.9210
50% N_tot,25% S_tot,t_prefill,283.9934,44.4512,22.4966,2.7895
50% N_tot,25% S_tot,t_decode,155.2319,72.3410,13.8234,8.1205
50% N_tot,25% S_tot,t_decode,153.8821,75.1023,13.3152,8.4512
50% N_tot,25% S_tot,t_decode,157.1045,71.8974,13.9087,7.9874
50% N_tot,25% S_tot,t_tot,310.6712,79.7812,12.5343,10.1203
50% N_tot,25% S_tot,t_tot,318.4501,82.1209,12.1772,10.6310
50% N_tot,25% S_tot,t_tot,312.1904,78.9914,12.6596,9.8921
50% N_tot,50% S_tot,t_prefill,295.3411,48.1125,20.7846,3.2104
50% N_tot,50% S_tot,t_prefill,301.5019,47.8451,20.9008,3.1541
50% N_tot,50% S_tot,t_prefill,292.7823,48.6712,20.5460,3.3310
50% N_tot,50% S_tot,t_decode,160.9102,95.4512,10.4766,14.8412
50% N_tot,50% S_tot,t_decode,158.1245,99.2301,10.0776,15.3205
50% N_tot,50% S_tot,t_decode,163.3419,96.8945,10.3205,14.4541
50% N_tot,50% S_tot,t_tot,335.8912,105.5612,9.4732,17.4512
50% N_tot,50% S_tot,t_tot,342.2304,109.1023,9.1657,18.0941
50% N_tot,50% S_tot,t_tot,338.6710,106.4510,9.3939,17.1310
50% N_tot,75% S_tot,t_prefill,310.4510,52.8912,18.9067,3.6510
50% N_tot,75% S_tot,t_prefill,316.1204,52.1054,19.1919,3.5984
50% N_tot,75% S_tot,t_prefill,308.8912,53.2301,18.7864,3.7612
50% N_tot,75% S_tot,t_decode,168.4512,125.9123,7.9420,20.4510
50% N_tot,75% S_tot,t_decode,165.1023,130.4510,7.6657,21.3204
50% N_tot,75% S_tot,t_decode,171.6712,127.1204,7.8666,20.8812
50% N_tot,75% S_tot,t_tot,375.9123,138.4512,7.2228,24.1204
50% N_tot,75% S_tot,t_tot,384.1205,143.3410,6.9764,25.0941
50% N_tot,75% S_tot,t_tot,378.4510,140.8912,7.0977,24.4410
75% N_tot,25% S_tot,t_prefill,380.4512,52.1204,19.1863,4.1542
75% N_tot,25% S_tot,t_prefill,388.1287,51.8941,19.2700,4.2210
75% N_tot,25% S_tot,t_prefill,377.9934,52.4512,19.0654,4.0895
75% N_tot,25% S_tot,t_decode,170.2319,105.3410,9.4930,16.1205
75% N_tot,25% S_tot,t_decode,168.8821,109.1023,9.1657,16.6512
75% N_tot,25% S_tot,t_decode,172.1045,104.8974,9.5331,15.8874
75% N_tot,25% S_tot,t_tot,420.6712,118.7812,8.4188,19.1203
75% N_tot,25% S_tot,t_tot,430.4501,122.1209,8.1886,19.8310
75% N_tot,25% S_tot,t_tot,423.1904,117.9914,8.4752,18.7921
75% N_tot,50% S_tot,t_prefill,398.3411,58.1125,17.2079,4.8104
75% N_tot,50% S_tot,t_prefill,406.5019,57.8451,17.2875,4.7541
75% N_tot,50% S_tot,t_prefill,394.7823,58.6712,17.0441,4.9310
75% N_tot,50% S_tot,t_decode,179.9102,142.4512,7.0199,23.8412
75% N_tot,50% S_tot,t_decode,176.1245,148.2301,6.7463,24.6205
75% N_tot,50% S_tot,t_decode,182.3419,144.8945,6.9016,23.2541
75% N_tot,50% S_tot,t_tot,465.8912,159.5612,6.2672,28.4512
75% N_tot,50% S_tot,t_tot,476.2304,164.1023,6.0938,29.3941
75% N_tot,50% S_tot,t_tot,469.6710,161.4510,6.1938,28.0310
75% N_tot,75% S_tot,t_prefill,420.4510,65.8912,15.1765,5.6510
75% N_tot,75% S_tot,t_prefill,430.1204,64.1054,15.5993,5.4984
75% N_tot,75% S_tot,t_prefill,417.8912,66.2301,15.0988,5.7612
75% N_tot,75% S_tot,t_decode,190.4512,185.9123,5.3789,32.4510
75% N_tot,75% S_tot,t_decode,186.1023,192.4510,5.1961,33.7204
75% N_tot,75% S_tot,t_decode,193.6712,188.1204,5.3157,32.9812
75% N_tot,75% S_tot,t_tot,525.9123,205.4512,4.8673,38.1204
75% N_tot,75% S_tot,t_tot,538.1205,212.3410,4.7094,39.3941
75% N_tot,75% S_tot,t_tot,530.4510,208.8912,4.7872,38.5410
N_tot,25% S_tot,t_prefill,510.4512,65.1204,15.3562,5.8542
N_tot,25% S_tot,t_prefill,522.1287,64.8941,15.4097,5.9210
N_tot,25% S_tot,t_prefill,506.9934,65.4512,15.2785,5.7895
N_tot,25% S_tot,t_decode,195.2319,152.3410,6.5642,26.1205
N_tot,25% S_tot,t_decode,192.8821,158.1023,6.3250,26.8512
N_tot,25% S_tot,t_decode,197.1045,151.8974,6.5834,25.6874
N_tot,25% S_tot,t_tot,580.6712,175.7812,5.6889,31.1203
N_tot,25% S_tot,t_tot,594.4501,181.1209,5.5212,32.1310
N_tot,25% S_tot,t_tot,585.1904,174.9914,5.7146,30.7921
N_tot,50% S_tot,t_prefill,540.3411,74.1125,13.4930,6.8104
N_tot,50% S_tot,t_prefill,552.5019,73.8451,13.5419,6.7541
N_tot,50% S_tot,t_prefill,536.7823,74.6712,13.3920,6.9310
N_tot,50% S_tot,t_decode,210.9102,210.4512,4.7517,39.8412
N_tot,50% S_tot,t_decode,206.1245,218.2301,4.5823,40.9205
N_tot,50% S_tot,t_decode,214.3419,213.8945,4.6752,39.1541
N_tot,50% S_tot,t_tot,650.8912,238.5612,4.1918,48.4512
N_tot,50% S_tot,t_tot,665.2304,245.1023,4.0799,49.8941
N_tot,50% S_tot,t_tot,656.6710,241.4510,4.1416,47.9310
N_tot,75% S_tot,t_prefill,580.4510,85.8912,11.6426,8.1510
N_tot,75% S_tot,t_prefill,594.1204,84.1054,11.8898,7.9984
N_tot,75% S_tot,t_prefill,576.8912,86.2301,11.5969,8.2612
N_tot,75% S_tot,t_decode,230.4512,285.9123,3.4976,55.4510
N_tot,75% S_tot,t_decode,224.1023,296.4510,3.3732,57.1204
N_tot,75% S_tot,t_decode,234.6712,289.1204,3.4588,56.0812
N_tot,75% S_tot,t_tot,745.9123,320.4512,3.1206,68.1204
N_tot,75% S_tot,t_tot,762.1205,332.3410,3.0089,70.3941
N_tot,75% S_tot,t_tot,751.4510,326.8912,3.0591,68.9410