timestamp_s,r,b,swpd_kb,free_kb,buff_kb,cache_kb,si,so,bi,bo,in,cs,us,sy,id,wa,st,cpu_temp_c,gpu_temp_c,throttled
1,2,0,0,12543200,45120,3854100,0,0,0,12,2450,1120,48,2,50,0,0,45.2,43.8,0
2,3,1,128,12541100,45120,3854100,0,4,16,0,3890,2100,94,4,1,1,0,48.6,44.1,0
3,3,0,256,12539000,45124,3854108,0,8,0,4,4120,2250,96,3,0,1,0,51.3,44.5,0
4,4,1,512,12538800,45124,3854108,4,12,32,0,4050,2180,95,3,1,1,0,53.8,44.9,0
5,4,2,1024,12536400,45132,3854120,8,16,64,8,4210,2310,92,5,0,3,1,56.1,45.4,0
6,5,1,1536,12534100,45140,3854136,12,8,48,16,4380,2450,89,6,0,5,1,58.7,46.0,0
7,5,2,2048,12531500,45148,3854150,16,24,96,24,4510,2580,86,8,0,6,1,61.2,46.8,0
8,6,3,2560,12529000,45156,3854168,24,32,128,32,4690,2710,83,10,0,7,2,63.9,47.5,1
9,6,2,3072,12526200,45164,3854180,32,40,160,40,4820,2830,81,11,0,8,2,66.4,48.2,1
10,5,1,3328,12523800,45170,3854192,20,16,80,20,4600,2650,85,9,1,5,1,68.1,48.9,1
11,4,1,3456,12521100,45176,3854204,16,8,40,12,4350,2480,88,7,2,3,1,67.5,48.5,1
12,3,0,3200,12525400,45180,3854212,8,0,16,4,3980,2210,91,5,3,1,0,65.8,47.9,0
13,2,0,2816,12530200,45184,3854218,4,0,8,0,3420,1890,75,4,20,1,0,62.3,46.7,0
14,2,0,2048,12536800,45188,3854224,0,0,0,0,2890,1450,55,3,41,1,0,58.4,45.5,0
15,1,0,1024,12541500,45190,3854230,0,0,0,0,2210,1050,30,2,67,1,0,52.1,44.2,0